entry_order,entry_deal,entry_time,entry_price,entry_balance,entry_comment_deal,entry_comment_order,exit_order,exit_deal,exit_time,exit_price,exit_balance,profit,exit_comment_deal,exit_comment_order,entry_Timestamp,entry_Open,entry_High,entry_Low,entry_Close,entry_Spread (Pips),entry_RSI(14),"entry_MA(20,SMA)",entry_MACD Main,entry_MACD Signal,entry_ATR(14),entry_ADX(14),entry_plusDI(14),entry_minusDI(14),entry_StochK(14),entry_StochD(14),entry_BB_Upper,entry_BB_Mid,entry_BB_Lower,entry_candle_time,exit_Timestamp,exit_Open,exit_High,exit_Low,exit_Close,exit_Spread (Pips),exit_RSI(14),"exit_MA(20,SMA)",exit_MACD Main,exit_MACD Signal,exit_ATR(14),exit_ADX(14),exit_plusDI(14),exit_minusDI(14),exit_StochK(14),exit_StochD(14),exit_BB_Upper,exit_BB_Mid,exit_BB_Lower,exit_candle_time,duration_hours,trade_duration_minutes,cluster
78,78,2025-02-11 15:00:00,2889.37,10597.46,IMPERIUM,IMPERIUM,81,81,2025-02-11 16:00:00,2896.15,10578.1,-7.24,,,2025.02.11 15:00,2888.59,2890.12,2883.42,2886.4,78.0,18.161953913004368,2899.58949999999,-3.709799438512164,-2.1295282159889464,3.595000000000025,40.67741951176269,7.943157506715024,40.50156534765343,12.151324965132217,9.366960899566124,2909.8751569551973,2899.5895,2889.3038430448028,2025-02-11 15:00:00,2025.02.11 16:00,2896.0,2898.54,2894.44,2897.08,86.0,54.9292321200144,2892.2994999999896,-1.5122479393303363,-3.3480569276565544,4.776428571428594,30.272135369724605,26.72518182333374,13.293482603888709,80.04626951995316,70.33205621982296,2902.964312187751,2892.2995,2881.634687812249,2025-02-11 16:00:00,1.0,60.0,2
120,120,2025-02-25 19:00:00,2896.7,10853.43,IMPERIUM,IMPERIUM,124,124,2025-02-27 12:00:00,2887.05,10775.63,-9.65,,,2025.02.25 19:00,2895.95,2896.19,2893.23,2895.48,84.0,29.92081098873055,2900.008999999992,-7.460914724830218,-8.69468469851738,4.879999999999942,52.54926868962893,10.50143076032358,27.93275994037955,38.96551724137928,38.12071759314372,2910.1517548526026,2900.009,2889.8662451473974,2025-02-25 19:00:00,2025.02.27 12:00,2886.9,2888.61,2886.27,2888.46,82.0,53.39255989832191,2884.854499999992,-0.2960680605701782,-0.9447677291932268,3.3428571428571483,23.47520391915789,21.099590633401466,20.260927361022382,66.42171871810689,63.13533374158166,2891.0544950806434,2884.8545,2878.6545049193564,2025-02-27 12:00:00,41.0,2460.0,2
198,198,2025-04-01 19:00:00,3113.62,11396.44,IMPERIUM,IMPERIUM,201,201,2025-04-01 20:00:00,3106.38,11389.2,-7.24,,,2025.04.01 19:00,3112.99,3116.34,3111.0,3113.93,72.0,26.531049748361383,3125.2445000000016,-3.581272555855321,-1.8113598638919743,3.796428571428587,44.37905242341238,4.9824007756387765,35.34252969554246,8.559102674718957,11.93924451691195,3135.2767888216,3125.2445,3115.2122111784,2025-04-01 19:00:00,2025.04.01 20:00,3106.23,3108.12,3106.06,3107.22,69.0,37.62923415033546,3112.420500000002,-5.097147384323762,-5.813475700491261,4.36142857142848,56.95581370803769,4.992385911296728,20.64676454828017,31.37193203272438,31.875617910603204,3127.390433166184,3112.4205,3097.4505668338165,2025-04-01 20:00:00,1.0,60.0,2
200,200,2025-04-01 20:00:00,3106.83,11396.44,IMPERIUM,IMPERIUM,203,203,2025-04-02 11:00:00,3124.99,11418.73,11.37,,,2025.04.01 20:00,3106.23,3108.12,3106.06,3107.22,69.0,37.62923415033546,3112.420500000002,-5.097147384323762,-5.813475700491261,4.36142857142848,56.95581370803769,4.992385911296728,20.64676454828017,31.37193203272438,31.875617910603204,3127.390433166184,3112.4205,3097.4505668338165,2025-04-01 20:00:00,2025.04.02 11:00,3124.84,3125.1,3123.14,3124.97,74.0,67.93741068835999,3117.6840000000016,1.4847865628075851,-0.0116805888006048,2.5299999999999807,35.33503401829775,36.686848049148914,9.28372529942394,94.44582196875722,96.05380923544756,3124.743703676501,3117.684,3110.6242963234995,2025-04-02 11:00:00,15.0,900.0,2
209,209,2025-04-03 14:00:00,3095.93,11447.44,IMPERIUM,IMPERIUM,215,215,2025-04-03 17:08:40,3105.7,11323.41,29.17,tp 3105.70,tp 3105.70,2025.04.03 14:00,3095.27,3097.5,3087.1,3095.86,78.0,27.472051840694547,3114.031999999998,-7.084266027753984,-5.415917564041019,7.081428571428599,52.60721820602053,10.912376931921816,34.27880377816909,18.528290823805385,20.083134456882348,3134.6312131888576,3114.032,3093.4327868111427,2025-04-03 14:00:00,2025.04.03 17:05,3099.42,3106.57,3095.65,3105.62,78.0,67.66410686761861,3075.8779999999965,2.075060163050693,-3.708587469157144,9.227142857142848,31.269391093807982,36.895325592392325,14.857665402109337,92.79441405125203,88.71360244406088,3101.072237912666,3075.878,3050.6837620873343,2025-04-03 17:05:00,3.1444444444444444,188.66666666666663,2
213,213,2025-04-03 16:00:00,3076.53,11294.24,IMPERIUM,IMPERIUM,217,217,2025-04-03 18:00:00,3128.65,11408.25,32.72,,,2025.04.03 16:00,3075.89,3075.93,3067.33,3067.67,75.0,29.69335857584741,3082.522499999997,-8.982448225317512,-8.738426347986541,6.125714285714207,34.71883872540066,22.927728818118226,34.91892973591396,33.674364220988075,32.41696737743086,3102.999244736408,3082.5225,3062.045755263592,2025-04-03 16:00:00,2025.04.03 18:00,3128.5,3129.03,3124.77,3126.36,79.0,67.99527660908021,3106.6634999999965,12.424156925447278,10.842224621063872,8.157142857142848,43.43536967729756,27.94931131045557,21.199472032734857,88.82619974059664,93.13674016743636,3148.6181780585903,3106.6635,3064.708821941409,2025-04-03 18:00:00,2.0,120.0,2
214,214,2025-04-03 16:00:00,3076.53,11294.24,IMPERIUM,IMPERIUM,216,216,2025-04-03 18:00:00,3128.65,11375.53,52.12,,,2025.04.03 16:00,3075.89,3075.93,3067.33,3067.67,75.0,29.69335857584741,3082.522499999997,-8.982448225317512,-8.738426347986541,6.125714285714207,34.71883872540066,22.927728818118226,34.91892973591396,33.674364220988075,32.41696737743086,3102.999244736408,3082.5225,3062.045755263592,2025-04-03 16:00:00,2025.04.03 18:00,3128.5,3129.03,3124.77,3126.36,79.0,67.99527660908021,3106.6634999999965,12.424156925447278,10.842224621063872,8.157142857142848,43.43536967729756,27.94931131045557,21.199472032734857,88.82619974059664,93.13674016743636,3148.6181780585903,3106.6635,3064.708821941409,2025-04-03 18:00:00,2.0,120.0,2
220,220,2025-04-04 12:00:00,3084.49,11408.25,IMPERIUM,IMPERIUM,223,223,2025-04-04 14:00:00,3110.13,11428.77,17.18,,,2025.04.04 12:00,3083.73,3090.29,3083.41,3089.42,78.0,47.93898218659555,3088.857499999997,-3.780851181105845,-4.32568103723728,3.820714285714306,45.19233901427571,29.40167602045648,27.90837727035992,43.64128333977673,34.09081494126969,3099.612937462048,3088.8575000000005,3078.1020625379538,2025-04-04 12:00:00,2025.04.04 14:00,3109.98,3113.8,3108.8,3112.51,78.0,66.12155108630185,3099.5849999999964,5.4207775920122,3.9394954124446735,6.350714285714246,41.74183984987921,27.779984090182364,9.785148628310386,79.29397443700611,80.2159104060256,3117.495624221394,3099.585,3081.6743757786053,2025-04-04 14:00:00,2.0,120.0,2
224,224,2025-04-04 20:00:00,3031.33,11428.77,IMPERIUM,IMPERIUM,227,227,2025-04-07 02:38:40,2977.05,11379.63,-49.14,sl 2977.05,sl 2977.05,2025.04.04 20:00,3030.51,3032.36,3029.13,3030.43,84.0,46.66585752172892,3025.399999999996,-3.495693336567001,-5.995974567364795,5.308571428571446,22.84070261201561,16.029604107513023,14.051743892975836,69.32557343375602,70.85172777598162,3035.054957275928,3025.4,3015.7450427240715,2025-04-04 20:00:00,2025.04.07 02:35,2980.41,2985.56,2976.4,2979.88,99.0,28.01396674941796,3007.354499999996,-11.047756156942796,-7.184165989797736,8.460714285714175,43.270233196899525,8.127993256028509,38.99926270391535,6.865416050439929,6.472183841794168,3035.91861348178,3007.3545,2978.79038651822,2025-04-07 02:35:00,54.644444444444446,3278.6666666666665,2
226,226,2025-04-07 02:00:00,3010.18,11428.77,IMPERIUM,IMPERIUM,230,230,2025-04-07 05:00:00,3037.92,11478.88,27.74,,,2025.04.07 02:00,3008.75,3014.98,3007.88,3013.93,158.0,44.65155054290392,3022.4644999999955,-5.238656439034912,-4.464698806075616,13.491428571428514,31.86140931632612,17.89604685944498,23.552837880924454,35.80409356725155,37.89473684210614,3047.8753657664392,3022.4645,2997.053634233561,2025-04-07 02:00:00,2025.04.07 05:00,3037.77,3045.24,3035.44,3045.24,86.0,69.09544715924608,3010.311999999996,13.204642607599908,8.328715144598911,14.064999999999888,40.98443771488549,22.182385548369123,11.941742699042532,83.72018824280141,86.31590787866317,3064.3422632234924,3010.311999999999,2956.2817367765056,2025-04-07 05:00:00,3.0,180.0,2
228,228,2025-04-07 04:00:00,2978.79,11379.63,IMPERIUM,IMPERIUM,231,231,2025-04-07 07:00:00,3018.56,11466.11,-12.77,,,2025.04.07 04:00,2978.1,2994.69,2972.21,2979.55,84.0,37.676796152260536,2985.645499999996,-7.408299218315278,-7.90583638261537,11.252142857142804,20.1302011981796,19.627108502621045,19.855673407150093,23.020888186764967,24.843484875081263,2997.9088526818723,2985.6455,2973.382147318127,2025-04-07 04:00:00,2025.04.07 07:00,3018.41,3025.45,3018.41,3025.29,88.0,49.29614013330844,3028.190999999996,-0.9063244252306504,0.8183167103048372,5.77499999999996,27.89504309380333,19.68850522808824,20.315056814856035,20.464096473597493,13.749934266370955,3039.443683057831,3028.191,3016.9383169421685,2025-04-07 07:00:00,3.0,180.0,2
239,239,2025-04-08 21:00:00,2985.52,11420.51,IMPERIUM,IMPERIUM,242,242,2025-04-09 14:21:40,3062.03,11509.21,76.51,tp 3062.03,tp 3062.03,2025.04.08 21:00,2984.69,2985.14,2982.76,2982.82,91.0,40.99747158846045,2983.7404999999894,-4.167213549921144,-5.862017746068268,4.304285714285656,34.78470861124558,18.507893956900933,22.40150364472263,66.1164398840064,66.30676852409738,2992.7508550984408,2983.7405,2974.730144901559,2025-04-08 21:00:00,2025.04.09 14:20,3055.38,3064.11,3055.34,3062.72,78.0,75.92921327675475,3044.27399999999,2.47384521777758,0.3876170277627028,4.82714285714281,20.78198157974891,30.253019938095434,10.87357800694912,91.83276616431696,79.66643235085957,3055.16765209652,3044.274,3033.3803479034805,2025-04-09 14:20:00,17.36111111111111,1041.6666666666667,2
270,270,2025-04-17 18:00:00,3291.62,11762.76,IMPERIUM,IMPERIUM,274,274,2025-04-17 21:00:00,3318.69,11751.11,21.99,,,2025.04.17 18:00,3291.01,3297.52,3290.27,3295.48,76.0,36.14647577380431,3307.462499999994,-8.826824776242574,-7.467215564517972,7.507857142857105,53.25352280289944,15.4640081031733,27.755986480265,19.5296864576384,15.821917194794366,3334.293680275941,3307.4625000000005,3280.63131972406,2025-04-17 18:00:00,2025.04.17 21:00,3318.54,3318.85,3317.2,3318.83,69.0,60.74641965537964,3316.3609999999944,3.496306558075048,3.686183536407959,2.825000000000067,41.5698205889514,27.897187917308443,16.32438225079038,75.34019249916939,81.49190675132952,3322.6426618820174,3316.3609999999994,3310.079338117981,2025-04-17 21:00:00,3.0,180.0,2
271,271,2025-04-17 19:00:00,3296.7,11762.76,IMPERIUM,IMPERIUM,276,276,2025-04-17 21:00:00,3318.69,11781.65,3.47,,,2025.04.17 19:00,3295.93,3297.93,3294.53,3297.93,78.0,44.20472531634769,3296.0044999999946,-4.097451156501847,-5.076699596786,4.722142857142724,28.588069136159483,10.958796632103182,15.94306978622557,55.969471197527554,53.96976495445769,3304.271614309117,3296.0045,3287.7373856908835,2025-04-17 19:00:00,2025.04.17 21:00,3318.54,3318.85,3317.2,3318.83,69.0,60.74641965537964,3316.3609999999944,3.496306558075048,3.686183536407959,2.825000000000067,41.5698205889514,27.897187917308443,16.32438225079038,75.34019249916939,81.49190675132952,3322.6426618820174,3316.3609999999994,3310.079338117981,2025-04-17 21:00:00,2.0,120.0,2
288,288,2025-04-23 02:00:00,3328.27,11849.26,IMPERIUM,IMPERIUM,289,289,2025-04-23 04:00:00,3367.62,11888.61,39.35,,,2025.04.23 02:00,3327.52,3334.61,3326.32,3334.61,81.0,39.47892037000444,3346.7354999999925,-13.082330230994556,-14.385262474281909,13.00571428571424,28.124108649213102,19.21102412647854,18.58420038935668,21.07860240243231,20.638141099319068,3396.329134863761,3346.7355,3297.14186513624,2025-04-23 02:00:00,2025.04.23 04:00,3367.47,3380.04,3364.35,3364.35,78.0,66.23107149603766,3346.912999999992,5.286389939715718,1.5566118247722756,6.24642857142852,44.75019895117991,42.92326074316475,6.696503716027099,84.77826608070328,92.60925310152008,3369.172199536372,3346.9130000000005,3324.653800463629,2025-04-23 04:00:00,2.0,120.0,2
292,292,2025-04-23 09:00:00,3319.37,11847.76,IMPERIUM,IMPERIUM,294,294,2025-04-23 11:00:00,3318.93,11865.26,17.5,,,2025.04.23 09:00,3318.55,3320.48,3307.5,3309.65,78.0,24.082980650946084,3336.306999999992,-7.641302411673223,-3.8531602297979375,6.899285714285647,40.42499333299636,6.819635224314528,32.0517596491661,10.199944715747016,11.656404219379198,3359.1926619742576,3336.307,3313.421338025742,2025-04-23 09:00:00,2025.04.23 11:00,3318.78,3319.1,3315.05,3317.16,72.0,50.34163649444748,3312.233999999992,-2.292224700558563,-4.9789750242757576,5.591428571428478,29.67156237333872,23.143145679007453,14.264349806447155,94.77270057558997,90.25279697820086,3325.173798143711,3312.2339999999995,3299.294201856288,2025-04-23 11:00:00,2.0,120.0,2
293,293,2025-04-23 10:00:00,3301.43,11847.76,IMPERIUM,IMPERIUM,295,295,2025-04-23 11:00:00,3318.93,11864.82,-0.44,,,2025.04.23 10:00,3300.8,3309.97,3300.8,3309.79,78.0,39.99200744506688,3318.347499999992,-8.258593574279985,-7.33690488155282,8.242857142857138,40.12649216761267,16.19791014715697,30.18198715668538,29.553941908713576,22.8710884670788,3338.299177498396,3318.3475,3298.395822501604,2025-04-23 10:00:00,2025.04.23 11:00,3318.78,3319.1,3315.05,3317.16,72.0,50.34163649444748,3312.233999999992,-2.292224700558563,-4.9789750242757576,5.591428571428478,29.67156237333872,23.143145679007453,14.264349806447155,94.77270057558997,90.25279697820086,3325.173798143711,3312.2339999999995,3299.294201856288,2025-04-23 11:00:00,1.0,60.0,2
298,298,2025-04-23 18:00:00,3287.58,11864.82,IMPERIUM,IMPERIUM,301,301,2025-04-24 11:00:00,3333.34,11966.64,56.06,,,2025.04.23 18:00,3286.89,3293.96,3282.84,3284.9,78.0,45.49984751606004,3282.08499999999,-5.206777244789919,-9.037489389461458,9.80499999999996,32.94832283439856,23.363465106044053,12.850785375779004,77.40331491712685,82.3154017254463,3302.763361153631,3282.085,3261.406638846369,2025-04-23 18:00:00,2025.04.24 11:00,3333.19,3333.4,3329.6,3330.78,86.0,52.91239976327095,3327.8269999999893,1.4424600927868596,1.1079066686451375,5.387142857142795,17.968487659373782,22.9009321895022,24.231619234455515,64.06138472519649,67.56150699793196,3339.9033555760834,3327.827,3315.750644423917,2025-04-24 11:00:00,17.0,1020.0,2
296,296,2025-04-23 16:00:00,3311.01,11864.82,IMPERIUM,IMPERIUM,302,302,2025-04-24 11:00:00,3333.34,11988.97,22.33,,,2025.04.23 16:00,3310.35,3313.31,3305.15,3307.72,78.0,30.52684440938404,3323.8284999999905,-4.0091671965724345,-1.9456779914584617,6.154999999999997,36.04320874699643,10.32421417489162,41.02168795428011,7.5910364145652816,12.617081991252372,3339.5208513534467,3323.8285000000005,3308.1361486465544,2025-04-23 16:00:00,2025.04.24 11:00,3333.19,3333.4,3329.6,3330.78,86.0,52.91239976327095,3327.8269999999893,1.4424600927868596,1.1079066686451375,5.387142857142795,17.968487659373782,22.9009321895022,24.231619234455515,64.06138472519649,67.56150699793196,3339.9033555760834,3327.827,3315.750644423917,2025-04-24 11:00:00,19.0,1140.0,2
297,297,2025-04-23 17:00:00,3277.28,11864.82,IMPERIUM,IMPERIUM,300,300,2025-04-24 11:00:00,3333.34,11910.58,45.76,,,2025.04.23 17:00,3276.48,3277.31,3261.2,3265.08,78.0,20.911804693893345,3301.89399999999,-13.057505549702,-9.09883077152147,10.224285714285635,58.21972429237436,5.033732869992798,36.206746151898685,8.776701605413292,8.615768227993996,3336.953865031115,3301.894,3266.8341349688853,2025-04-23 17:00:00,2025.04.24 11:00,3333.19,3333.4,3329.6,3330.78,86.0,52.91239976327095,3327.8269999999893,1.4424600927868596,1.1079066686451375,5.387142857142795,17.968487659373782,22.9009321895022,24.231619234455515,64.06138472519649,67.56150699793196,3339.9033555760834,3327.827,3315.750644423917,2025-04-24 11:00:00,18.0,1080.0,2
312,312,2025-05-01 04:00:00,3246.77,11967.64,IMPERIUM,IMPERIUM,315,315,2025-05-01 14:00:00,3222.65,11960.71,-6.93,,,2025.05.01 04:00,3245.89,3248.14,3242.23,3242.25,85.0,22.93799662919304,3263.046999999993,-9.543011874565307,-7.28625278209588,7.9607142857143,62.5026426511552,3.880401850561598,21.98488047935254,8.978357433134478,9.859596521326436,3289.0732114799675,3263.047,3237.0207885200325,2025-05-01 04:00:00,2025.05.01 14:00,3222.5,3226.46,3221.82,3226.26,75.0,57.2630538208093,3220.4689999999914,-1.2839201018960011,-2.984027230809142,3.149999999999886,33.23024709596216,27.32961412953348,13.081054922386397,86.22186059126783,82.86248399637404,3227.552676728931,3220.469,3213.385323271069,2025-05-01 14:00:00,10.0,600.0,2
313,313,2025-05-01 05:00:00,3239.07,11967.64,IMPERIUM,IMPERIUM,316,316,2025-05-01 14:00:00,3222.65,11944.29,-16.42,,,2025.05.01 05:00,3238.24,3241.29,3237.41,3240.19,98.0,36.65247666946123,3244.935999999993,-7.136312425686356,-7.785527529926066,6.108571428571389,38.20629317868143,10.974991854266609,22.320586057014093,32.74799178031036,30.07538744045877,3254.5206844496824,3244.9359999999992,3235.351315550316,2025-05-01 05:00:00,2025.05.01 14:00,3222.5,3226.46,3221.82,3226.26,75.0,57.2630538208093,3220.4689999999914,-1.2839201018960011,-2.984027230809142,3.149999999999886,33.23024709596216,27.32961412953348,13.081054922386397,86.22186059126783,82.86248399637404,3227.552676728931,3220.469,3213.385323271069,2025-05-01 14:00:00,9.0,540.0,2
314,314,2025-05-01 07:00:00,3229.58,11967.64,IMPERIUM,IMPERIUM,317,317,2025-05-01 14:00:00,3222.65,11920.17,-24.12,,,2025.05.01 07:00,3228.94,3230.71,3224.73,3229.03,79.0,35.50234056673341,3236.666999999992,-4.41753779474584,-4.36837015004452,4.943571428571393,28.30283685692625,10.793888577316846,28.08131394813369,16.999802097763773,18.730487394338542,3247.355158120088,3236.6670000000004,3225.9788418799126,2025-05-01 07:00:00,2025.05.01 14:00,3222.5,3226.46,3221.82,3226.26,75.0,57.2630538208093,3220.4689999999914,-1.2839201018960011,-2.984027230809142,3.149999999999886,33.23024709596216,27.32961412953348,13.081054922386397,86.22186059126783,82.86248399637404,3227.552676728931,3220.469,3213.385323271069,2025-05-01 14:00:00,7.0,420.0,2
339,339,2025-05-08 20:00:00,3310.65,12125.04,IMPERIUM,IMPERIUM,344,344,2025-05-12 02:00:00,3272.18,12062.78,-13.81,,,2025.05.08 20:00,3309.86,3310.78,3303.03,3303.03,84.0,23.466794313189283,3320.7384999999977,-10.997035990312725,-11.462525425907662,6.344999999999921,45.74648657726667,10.409420548943212,27.8026223389337,14.718196457327403,17.737648032749384,3348.1907562096458,3320.738500000001,3293.286243790356,2025-05-08 20:00:00,2025.05.12 02:00,3272.03,3272.72,3265.47,3266.73,75.0,17.274000192942424,3296.185999999999,-15.6310707382695,-15.02807960333083,8.778571428571462,55.4923114229597,7.689565467102327,41.82494106301576,8.15825957129176,10.418682252043928,3347.980702586268,3296.1859999999992,3244.3912974137306,2025-05-12 02:00:00,78.0,4680.0,2
340,340,2025-05-08 21:00:00,3308.63,12125.04,IMPERIUM,IMPERIUM,345,345,2025-05-12 03:00:00,3287.15,12058.58,-4.2,,,2025.05.08 21:00,3307.86,3309.93,3306.94,3309.73,80.0,45.01862802787628,3305.9979999999973,-6.183117561563449,-8.70515030573983,4.789999999999923,33.65707698784189,23.402019676578902,11.82414449627653,60.97414311485171,46.40257358539704,3313.945375919133,3305.9980000000005,3298.050624080868,2025-05-08 21:00:00,2025.05.12 03:00,3287.0,3289.51,3284.97,3286.89,78.0,48.95266594840693,3277.665999999999,-5.167048444180182,-8.767376885931427,5.622142857142854,31.51258339696711,29.9270265999502,12.17361107300889,90.71062271062183,82.05666227366423,3288.117691537737,3277.666,3267.2143084622635,2025-05-12 03:00:00,78.0,4680.0,2
342,342,2025-05-09 05:00:00,3291.35,12076.59,IMPERIUM,IMPERIUM,346,346,2025-05-12 03:00:00,3287.15,12037.1,-21.48,,,2025.05.09 05:00,3290.71,3290.71,3286.63,3287.15,79.0,22.261941887586104,3305.959,-6.818668288314257,-4.243942558354392,5.840000000000042,45.30589421491562,11.600387182946122,36.907526610742735,8.812684365782424,12.152777777779326,3329.501102624872,3305.9590000000003,3282.4168973751284,2025-05-09 05:00:00,2025.05.12 03:00,3287.0,3289.51,3284.97,3286.89,78.0,48.95266594840693,3277.665999999999,-5.167048444180182,-8.767376885931427,5.622142857142854,31.51258339696711,29.9270265999502,12.17361107300889,90.71062271062183,82.05666227366423,3288.117691537737,3277.666,3267.2143084622635,2025-05-12 03:00:00,70.0,4200.0,2
343,343,2025-05-12 01:06:00,3285.99,12076.59,IMPERIUM,IMPERIUM,347,347,2025-05-12 03:00:00,3287.15,12013.6,-23.5,,,2025.05.12 01:05,3285.36,3293.96,3279.37,3283.69,78.0,7.371339878461114,3325.5179999999987,-5.550544606079711,-2.5501552317094687,5.02214285714288,37.97462840012496,6.056992144755127,35.7916236838587,8.060042421275936,24.983408958022647,3344.8934056473654,3325.517999999999,3306.142594352633,2025-05-12 01:05:00,2025.05.12 03:00,3287.0,3289.51,3284.97,3286.89,78.0,48.95266594840693,3277.665999999999,-5.167048444180182,-8.767376885931427,5.622142857142854,31.51258339696711,29.9270265999502,12.17361107300889,90.71062271062183,82.05666227366423,3288.117691537737,3277.666,3267.2143084622635,2025-05-12 03:00:00,1.9,114.0,2
348,348,2025-05-12 03:00:00,3287.73,12013.6,IMPERIUM,IMPERIUM,351,351,2025-05-12 07:00:00,3282.99,12008.86,-4.74,,,2025.05.12 03:00,3287.0,3289.51,3284.97,3286.89,78.0,48.95266594840693,3277.665999999999,-5.167048444180182,-8.767376885931427,5.622142857142854,31.51258339696711,29.9270265999502,12.17361107300889,90.71062271062183,82.05666227366423,3288.117691537737,3277.666,3267.2143084622635,2025-05-12 03:00:00,2025.05.12 07:00,3282.84,3283.1,3279.33,3280.44,82.0,55.82996165145264,3276.835999999998,2.0168280150337523,1.365509454642326,3.3821428571428465,27.533645171721773,16.63527407815251,13.303009154866023,78.44807191861833,80.3726790734987,3285.014458045377,3276.836,3268.6575419546216,2025-05-12 07:00:00,4.0,240.0,2
352,352,2025-05-12 11:00:00,3223.5,12008.86,IMPERIUM,IMPERIUM,353,353,2025-05-12 15:00:00,3224.52,12009.88,1.02,,,2025.05.12 11:00,3222.8,3228.98,3222.29,3227.48,81.0,30.252130115528143,3248.625499999997,-13.7584551043592,-12.05443919678846,10.499285714285628,43.42027862440846,12.172895789104343,21.983525547802408,14.508563899868111,10.60551488645214,3293.338808298537,3248.6255,3203.912191701463,2025-05-12 11:00:00,2025.05.12 15:00,3224.37,3225.03,3222.31,3223.62,78.0,54.73355973766848,3217.7729999999974,0.3622028974218665,-0.85772461346341,4.8728571428570575,19.47375569904281,23.355435612371927,20.239394351886816,82.02392499191672,82.80429376406637,3227.644672806572,3217.773,3207.9013271934286,2025-05-12 15:00:00,4.0,240.0,2
350,350,2025-05-12 05:00:00,3272.07,12013.6,IMPERIUM,IMPERIUM,354,354,2025-05-12 15:00:00,3224.52,11962.33,-47.55,,,2025.05.12 05:00,3271.34,3279.29,3271.04,3274.56,88.0,49.53716666283323,3272.516999999998,-3.0309912555862866,-4.786606783124553,7.188571428571382,20.42982730874073,25.40937767127588,11.34355300014861,59.15330154601902,59.13348468642488,3285.4340106448817,3272.517,3259.599989355117,2025-05-12 05:00:00,2025.05.12 15:00,3224.37,3225.03,3222.31,3223.62,78.0,54.73355973766848,3217.7729999999974,0.3622028974218665,-0.85772461346341,4.8728571428570575,19.47375569904281,23.355435612371927,20.239394351886816,82.02392499191672,82.80429376406637,3227.644672806572,3217.773,3207.9013271934286,2025-05-12 15:00:00,10.0,600.0,2
363,363,2025-05-14 16:00:00,3185.22,11912.19,IMPERIUM,IMPERIUM,368,368,2025-05-15 14:00:00,3178.02,11839.47,27.84,,,2025.05.14 16:00,3184.59,3188.27,3179.38,3181.51,78.0,9.508056391441317,3213.108999999996,-11.75272311803883,-7.725849959406055,7.5507142857141885,69.83276853183052,3.1347650626073644,40.00742873180376,2.7747029739504185,4.488981167128591,3246.282158969264,3213.109000000001,3179.9358410307377,2025-05-14 16:00:00,2025.05.15 14:00,3177.87,3179.75,3177.0,3177.91,78.0,70.24701959219063,3172.6354999999944,5.223975762189184,5.666938741138968,3.2614285714285947,42.76355537514471,22.386939477152914,6.447632798669914,90.9564085881596,91.76099287882428,3182.231164593971,3172.6354999999994,3163.039835406028,2025-05-15 14:00:00,22.0,1320.0,2
392,392,2025-05-29 04:00:00,3265.21,12138.86,IMPERIUM,IMPERIUM,397,397,2025-05-30 09:00:00,3303.37,12154.54,38.16,,,2025.05.29 04:00,3264.58,3265.44,3253.91,3254.74,78.0,33.82870651454955,3261.046499999995,-3.7693768721019296,-5.14955765414084,5.385714285714236,24.76145585775586,16.271880120205832,26.248672912289297,60.01669449081801,81.83320017943727,3268.951931740265,3261.0465,3253.1410682597343,2025-05-29 04:00:00,2025.05.30 09:00,3303.22,3303.76,3300.48,3301.22,98.0,59.823441642488994,3296.062499999995,1.286304207833382,-0.0732811423622255,2.8299999999999383,44.10150746564956,34.33298143965145,13.202327311835903,88.69830827067562,93.52511809172832,3303.3706923209515,3296.062500000001,3288.7543076790503,2025-05-30 09:00:00,29.0,1740.0,2
405,405,2025-06-05 19:00:00,3344.91,12242.59,IMPERIUM,IMPERIUM,408,408,2025-06-06 08:00:00,3373.34,12290.08,28.43,,,2025.06.05 19:00,3344.19,3344.71,3339.38,3344.48,87.0,25.2240308091034,3362.0509999999945,-9.138781478392955,-7.084069600964014,6.527857142857143,49.60876898932864,4.541830444242367,26.96587705883128,12.14697547151397,11.487626716113308,3385.39340338954,3362.0509999999995,3338.70859661046,2025-06-05 19:00:00,2025.06.06 08:00,3373.19,3374.54,3372.8,3374.29,93.0,69.0460402824838,3370.768499999995,2.238235943455038,2.216395030930339,1.9350000000000167,44.35718483752292,28.78863652579023,8.024085324382073,80.83333333332983,78.45640079477594,3374.6003939181564,3370.7685000000006,3366.9366060818447,2025-06-06 08:00:00,13.0,780.0,2
404,404,2025-06-05 19:00:00,3344.91,12242.59,IMPERIUM,IMPERIUM,407,407,2025-06-06 08:00:00,3373.34,12261.65,19.06,,,2025.06.05 19:00,3344.19,3344.71,3339.38,3344.48,87.0,25.2240308091034,3362.0509999999945,-9.138781478392955,-7.084069600964014,6.527857142857143,49.60876898932864,4.541830444242367,26.96587705883128,12.14697547151397,11.487626716113308,3385.39340338954,3362.0509999999995,3338.70859661046,2025-06-05 19:00:00,2025.06.06 08:00,3373.19,3374.54,3372.8,3374.29,93.0,69.0460402824838,3370.768499999995,2.238235943455038,2.216395030930339,1.9350000000000167,44.35718483752292,28.78863652579023,8.024085324382073,80.83333333332983,78.45640079477594,3374.6003939181564,3370.7685000000006,3366.9366060818447,2025-06-06 08:00:00,13.0,780.0,2
409,409,2025-06-06 18:00:00,3326.45,12290.08,IMPERIUM,IMPERIUM,414,414,2025-06-11 08:00:00,3341.49,12274.67,-3.42,,,2025.06.06 18:00,3325.73,3326.71,3324.02,3324.61,87.0,32.864624677492216,3335.904999999996,-7.029777736386677,-7.3300256689310626,6.364285714285681,36.763075102853854,12.391843157152875,30.296050241119666,27.23822499026844,31.99826331726551,3356.982193835993,3335.905,3314.827806164008,2025-06-06 18:00:00,2025.06.11 08:00,3341.34,3342.67,3340.81,3342.14,90.0,60.80103600493795,3340.210999999991,1.4354098842354688,1.4768112696693383,1.7471428571428358,23.0148767131824,26.21247154836865,10.381051949090969,86.49811726734875,83.31883952413764,3342.653031121833,3340.2110000000007,3337.768968878168,2025-06-11 08:00:00,110.0,6600.0,2
426,426,2025-06-16 17:00:00,3388.25,12596.51,IMPERIUM,IMPERIUM,428,428,2025-06-17 03:00:00,3402.6,12613.65,17.14,,,2025.06.16 17:00,3387.62,3395.89,3386.97,3393.34,78.0,29.639880999800624,3410.0554999999936,-5.249993037891727,-1.9046143299196248,6.607142857142897,47.76426371912967,8.046148137504687,32.72641255733279,15.44989775051167,15.829054462775584,3427.566992769036,3410.0555,3392.544007230964,2025-06-16 17:00:00,2025.06.17 03:00,3402.45,3402.49,3396.73,3399.42,92.0,62.06829310336192,3395.483499999994,2.7870561891231773,2.5794130705351552,3.2257142857141505,45.39344376451856,27.775691108234945,13.328657980206769,87.72378516624136,76.49993385231957,3401.990659979592,3395.4835000000007,3388.976340020409,2025-06-17 03:00:00,10.0,600.0,2
430,430,2025-06-24 03:00:00,3344.83,12614.88,IMPERIUM,IMPERIUM,432,432,2025-06-24 11:00:00,3329.51,12599.56,-15.32,,,2025.06.24 03:00,3343.94,3344.65,3332.69,3334.77,78.0,22.573973285699907,3351.3825000000006,-6.1530445018579485,-5.275258748232095,5.176428571428557,61.22741716489767,5.081727415746966,41.71692258132359,12.87145242070121,21.423332859684816,3363.076414442991,3351.3825,3339.6885855570085,2025-06-24 03:00:00,2025.06.24 11:00,3329.36,3331.77,3326.08,3327.75,75.0,51.87020292214604,3322.791499999998,-1.3817682265648727,-3.1347760474993254,4.039285714285698,29.2160305424206,23.42327664272589,13.99381371449486,83.92566782810675,76.90415675768628,3329.091475476142,3322.7915,3316.4915245238567,2025-06-24 11:00:00,8.0,480.0,2
431,431,2025-06-24 03:00:00,3344.83,12614.88,IMPERIUM,IMPERIUM,437,437,2025-06-27 12:00:00,3289.04,12557.92,-25.84,,,2025.06.24 03:00,3343.94,3344.65,3332.69,3334.77,78.0,22.573973285699907,3351.3825000000006,-6.1530445018579485,-5.275258748232095,5.176428571428557,61.22741716489767,5.081727415746966,41.71692258132359,12.87145242070121,21.423332859684816,3363.076414442991,3351.3825,3339.6885855570085,2025-06-24 03:00:00,2025.06.27 12:00,3288.89,3289.26,3287.66,3287.69,91.0,50.02017627177103,3286.170500000005,-0.6721835740722781,-1.678400174998918,2.797142857142882,38.00361446841454,20.59994939842002,15.614160089110404,76.82070240295693,83.05228806722293,3290.1414468644143,3286.1705,3282.199553135586,2025-06-27 12:00:00,81.0,4860.0,2
450,450,2025-07-03 16:00:00,3324.56,12606.47,IMPERIUM,IMPERIUM,452,452,2025-07-07 16:00:00,3309.29,12581.78,-24.69,,,2025.07.03 16:00,3323.86,3328.88,3321.61,3328.38,81.0,40.3817300140004,3337.698000000007,-7.060689919529068,-4.633452581984255,6.472857142857173,25.206731481446056,28.849883360721133,20.675347266035864,32.50593921520496,22.97861882526612,3362.8371699146965,3337.6979999999994,3312.5588300853024,2025-07-03 16:00:00,2025.07.07 16:00,3309.14,3310.89,3307.01,3309.65,78.0,59.8790224959085,3304.6165000000065,1.2805166506996102,0.2489825614411766,3.6628571428571264,24.71510241578452,16.97943762403215,16.63528721355114,78.94308943089467,81.63611261517659,3311.16496325484,3304.616499999999,3298.068036745158,2025-07-07 16:00:00,96.0,5760.0,2
485,485,2025-07-23 19:00:00,3398.38,12959.75,IMPERIUM,IMPERIUM,489,489,2025-07-24 15:49:40,3354.39,12871.93,-58.89,sl 3354.39,sl 3354.39,2025.07.23 19:00,3397.74,3397.74,3385.0,3385.71,78.0,16.422251588487157,3410.0830000000083,-4.406011348911761,-1.8715609426135769,3.7671428571426873,41.9623487965568,5.282051801123821,48.03843120210527,1.2480224995606222,1.0835714352832264,3423.583757163952,3410.083,3396.582242836048,2025-07-23 19:00:00,2025.07.24 15:45,3360.62,3361.04,3353.68,3353.98,74.0,26.747836659638864,3362.0835000000084,-1.4750330591100465,-0.937816411290984,3.0985714285714776,17.825308984160458,17.515900737466314,32.608562215777226,25.063845311930933,40.90892278754603,3366.4755804865126,3362.0835000000006,3357.6914195134887,2025-07-24 15:45:00,20.82777777777778,1249.6666666666667,2
486,486,2025-07-23 20:00:00,3387.66,12959.75,IMPERIUM,IMPERIUM,492,492,2025-07-25 12:00:00,3345.23,12863.52,-8.41,,,2025.07.23 20:00,3386.97,3388.0,3385.73,3386.3,79.0,32.731010668494804,3394.250000000008,-6.543625448554849,-7.348583679548519,5.569999999999977,50.26009894563927,7.571840503386954,22.902510045293383,19.02733404330856,21.161740490310475,3415.606599916654,3394.250000000001,3372.893400083348,2025-07-23 20:00:00,2025.07.25 12:00,3345.08,3345.99,3344.35,3345.43,75.0,30.795775785346507,3350.6940000000104,-2.9591592636684254,-2.570748147079775,2.1535714285714107,40.74483596296534,8.779944660987804,26.950690877702748,12.085889570552348,17.97805802767648,3358.586878815743,3350.6940000000004,3342.8011211842577,2025-07-25 12:00:00,40.0,2400.0,2
586,586,2025-09-04 06:00:00,3530.9,13154.76,IMPERIUM,IMPERIUM,587,587,2025-09-04 10:00:00,3535.84,13159.7,4.94,,,2025.09.04 06:00,3530.14,3531.34,3526.14,3528.27,83.0,24.49873430682588,3541.5875000000137,-6.377919522113643,-4.751341856750385,4.579285714285636,48.06113231346996,6.588220810085796,32.36027049869035,11.29099211291028,8.366037266481813,3555.507504130748,3541.587500000001,3527.667495869255,2025-09-04 06:00:00,2025.09.04 10:00,3535.69,3536.65,3532.28,3534.68,67.0,52.69103808795767,3533.0050000000138,1.515688221219989,1.1420093989628548,3.5228571428571307,26.381388656559555,16.51373012661144,23.71873096356288,69.38853747364314,75.40093284774264,3540.861394847511,3533.005,3525.1486051524885,2025-09-04 10:00:00,4.0,240.0,2
637,637,2025-09-18 17:00:00,3642.34,13462.65,IMPERIUM,IMPERIUM,640,640,2025-09-18 23:00:00,3646.61,13466.92,4.27,,,2025.09.18 17:00,3641.78,3645.75,3641.03,3645.28,71.0,40.09948032844667,3654.48150000001,-7.345331890154284,-5.707622843373042,6.372857142857071,47.11585360425666,20.74684594137949,31.726905232744283,32.07424291761632,22.885051995354093,3679.4194985363706,3654.4815,3629.54350146363,2025-09-18 17:00:00,2025.09.18 23:00,3646.46,3646.78,3645.28,3646.3,76.0,69.53043119833484,3642.8265000000097,0.7279803176438691,0.1346617701603006,1.3107142857142848,51.97095709363008,31.604970666784247,3.218717227687373,93.73251259093256,95.47098151221812,3645.9126126032606,3642.8265000000006,3639.740387396741,2025-09-18 23:00:00,6.0,360.0,2
653,653,2025-09-24 19:00:00,3741.35,13604.25,IMPERIUM,IMPERIUM,657,657,2025-09-25 12:00:00,3756.3,13639.49,14.95,,,2025.09.24 19:00,3740.73,3743.92,3738.95,3743.81,76.0,34.040227574738864,3751.020000000008,-4.702102652792746,-3.8212324817731433,3.826428571428559,44.66308740826801,4.987425754166172,27.032518634739144,17.229384080213,15.45917926676064,3761.1745871407934,3751.02,3740.865412859204,2025-09-24 19:00:00,2025.09.25 12:00,3756.15,3756.72,3753.7,3755.15,71.0,58.716472150343535,3753.773500000007,2.84827987521976,3.583023420951406,3.413571428571401,23.89234125593797,18.211285131385072,19.6000048564184,56.84950773558349,51.376965649985856,3761.032475891956,3753.7734999999993,3746.514524108043,2025-09-25 12:00:00,17.0,1020.0,2
654,654,2025-09-24 20:00:00,3736.01,13604.25,IMPERIUM,IMPERIUM,658,658,2025-09-25 12:00:00,3756.3,13642.8,3.31,,,2025.09.24 20:00,3735.4,3736.06,3733.84,3734.68,76.0,31.32560669458617,3741.341500000008,-4.981593638760387,-4.867259229014378,4.035714285714327,62.31350448609834,8.394806421074364,28.8378576530482,24.57888493475762,20.49888680236775,3749.9369761939056,3741.3415,3732.7460238060944,2025-09-24 20:00:00,2025.09.25 12:00,3756.15,3756.72,3753.7,3755.15,71.0,58.716472150343535,3753.773500000007,2.84827987521976,3.583023420951406,3.413571428571401,23.89234125593797,18.211285131385072,19.6000048564184,56.84950773558349,51.376965649985856,3761.032475891956,3753.7734999999993,3746.514524108043,2025-09-25 12:00:00,16.0,960.0,2
673,673,2025-09-30 13:00:00,3798.94,13731.91,IMPERIUM,IMPERIUM,675,675,2025-09-30 14:00:00,3811.9,13740.32,-4.55,,,2025.09.30 13:00,3798.38,3803.85,3797.84,3803.14,71.0,35.78052444052048,3807.284000000017,-10.38341598169336,-11.92342866135906,6.42571428571427,45.99642084182439,12.714518539656977,18.48662086685905,24.97077390694348,20.593805631312552,3824.137722912165,3807.284000000001,3790.4302770878367,2025-09-30 13:00:00,2025.09.30 14:00,3811.75,3813.23,3810.53,3811.42,71.0,50.15899449111264,3805.1195000000166,-1.9538212555635253,-4.53011888176527,3.7914285714285154,36.87534225525266,21.40229925178756,14.33995195838838,89.80815347721925,93.02364245918858,3814.735121612771,3805.1194999999993,3795.503878387228,2025-09-30 14:00:00,1.0,60.0,2
671,671,2025-09-30 12:00:00,3816.45,13780.81,IMPERIUM,IMPERIUM,674,674,2025-09-30 14:00:00,3811.9,13744.87,12.96,,,2025.09.30 12:00,3815.89,3821.1,3815.56,3818.02,71.0,31.119189208647583,3832.263500000017,-10.91922488498858,-10.309470568323553,7.738571428571355,53.54080675262633,10.769656985921266,22.020760006383828,23.3544773045558,22.88498071640725,3860.9242301198,3832.2635,3803.6027698802,2025-09-30 12:00:00,2025.09.30 14:00,3811.75,3813.23,3810.53,3811.42,71.0,50.15899449111264,3805.1195000000166,-1.9538212555635253,-4.53011888176527,3.7914285714285154,36.87534225525266,21.40229925178756,14.33995195838838,89.80815347721925,93.02364245918858,3814.735121612771,3805.1194999999993,3795.503878387228,2025-09-30 14:00:00,2.0,120.0,2
717,717,2025-10-09 02:00:00,4021.65,13918.66,IMPERIUM,IMPERIUM,719,719,2025-10-09 04:00:00,4022.73,13929.37,10.71,,,2025.10.09 02:00,4021.04,4021.04,4012.1,4013.84,76.0,28.52289732429413,4029.818500000013,-6.25896583208214,-5.492029674939731,5.424285714285728,44.05339139801724,7.350279279937215,28.83453389250249,16.97544642857182,21.48120153872135,4049.049674977104,4029.8185,4010.587325022896,2025-10-09 02:00:00,2025.10.09 04:00,4022.58,4024.07,4007.79,4008.63,71.0,36.18816739699496,4017.769000000015,-0.8986471620423799,-0.7329090052118183,5.358571428571337,23.699144784730866,11.754598393012902,25.90116586862336,62.6828934773698,75.97455632068454,4031.074258960276,4017.769,4004.463741039725,2025-10-09 04:00:00,2.0,120.0,2
716,716,2025-10-09 02:00:00,4021.65,13918.66,IMPERIUM,IMPERIUM,720,720,2025-10-09 04:00:00,4022.73,13930.45,1.08,,,2025.10.09 02:00,4021.04,4021.04,4012.1,4013.84,76.0,28.52289732429413,4029.818500000013,-6.25896583208214,-5.492029674939731,5.424285714285728,44.05339139801724,7.350279279937215,28.83453389250249,16.97544642857182,21.48120153872135,4049.049674977104,4029.8185,4010.587325022896,2025-10-09 02:00:00,2025.10.09 04:00,4022.58,4024.07,4007.79,4008.63,71.0,36.18816739699496,4017.769000000015,-0.8986471620423799,-0.7329090052118183,5.358571428571337,23.699144784730866,11.754598393012902,25.90116586862336,62.6828934773698,75.97455632068454,4031.074258960276,4017.769,4004.463741039725,2025-10-09 04:00:00,2.0,120.0,2
718,718,2025-10-09 03:00:00,4012.02,13918.66,IMPERIUM,IMPERIUM,721,721,2025-10-09 04:00:00,4022.73,13931.53,1.08,,,2025.10.09 03:00,4011.46,4013.91,4008.34,4012.06,71.0,39.62471852951015,4016.8565000000144,-5.901574456441722,-6.151838360539055,5.797857142857058,41.84716471324939,12.922721362309382,29.751462535565143,48.94999244598927,34.164414969372594,4027.7111474378494,4016.8565,4006.0018525621513,2025-10-09 03:00:00,2025.10.09 04:00,4022.58,4024.07,4007.79,4008.63,71.0,36.18816739699496,4017.769000000015,-0.8986471620423799,-0.7329090052118183,5.358571428571337,23.699144784730866,11.754598393012902,25.90116586862336,62.6828934773698,75.97455632068454,4031.074258960276,4017.769,4004.463741039725,2025-10-09 04:00:00,1.0,60.0,2
730,730,2025-10-10 07:00:00,3962.19,13969.07,IMPERIUM,IMPERIUM,731,731,2025-10-10 09:00:00,3974.62,13981.5,12.43,,,2025.10.10 07:00,3961.63,3964.23,3960.6,3962.55,71.0,32.206234930289014,3973.387000000016,-4.803025448852623,-3.698434297512424,4.90000000000003,49.79044124910078,7.633737798074034,31.96827375912667,10.527863549479036,12.248783985660603,3988.952803673437,3973.387,3957.821196326562,2025-10-10 07:00:00,2025.10.10 09:00,3974.47,3975.67,3968.52,3969.92,71.0,50.27169519501157,3968.765500000016,1.3417093775874491,1.078290625942298,4.234999999999968,27.21192791522471,20.64041497331293,22.58965212942069,64.50511945392543,71.87459470157452,3979.010663688296,3968.765499999999,3958.520336311702,2025-10-10 09:00:00,2.0,120.0,2
734,734,2025-10-10 17:00:00,3979.99,14002.96,IMPERIUM,IMPERIUM,735,735,2025-10-10 18:32:40,4022.44,14045.41,42.45,tp 4022.44,tp 4022.44,2025.10.10 17:00,3979.43,3980.37,3972.55,3973.43,71.0,32.33810271266759,3986.377000000012,-2.539554866580147,-0.8544111793872958,6.7592857142855935,31.01293860428716,10.163232784863224,26.46788763297889,10.240144993203195,19.28239327345758,3997.1220883663177,3986.376999999999,3975.63191163368,2025-10-10 17:00:00,2025.10.10 18:30,4016.08,4022.41,4011.08,4011.08,76.0,65.73790988029201,3992.299000000012,6.901665862482332,3.1573782639830688,8.471428571428502,39.3406665483804,27.721409137202084,9.806189960915278,87.76692600562801,90.81760504243988,4019.009072931387,3992.299,3965.588927068614,2025-10-10 18:30:00,1.5444444444444445,92.66666666666669,2
736,736,2025-10-10 20:00:00,3983.74,14045.41,IMPERIUM,IMPERIUM,737,737,2025-10-13 01:01:40,4025.95,14087.62,42.21,tp 4025.95,tp 4025.95,2025.10.10 20:00,3982.94,3983.19,3975.69,3979.83,76.0,38.45976616006625,3993.9995000000126,-3.2821688683070533,-1.9886540924043528,8.204999999999993,38.601105631050686,8.824073065937522,31.18819739727721,20.858754460688285,22.2544756940934,4016.331721989761,3993.9995,3971.6672780102376,2025-10-10 20:00:00,2025.10.13 01:00,4012.42,4029.58,4009.34,4012.35,76.0,54.84652689501733,4011.479000000011,3.445821602387241,3.5122338002122486,6.865000000000013,27.98917800865906,21.67670356827704,10.934967768821368,56.68881307236512,58.15647330151273,4018.888917408447,4011.479,4004.0690825915535,2025-10-13 01:00:00,53.02777777777778,3181.6666666666665,2
745,745,2025-10-14 16:00:00,4106.86,14183.85,IMPERIUM,IMPERIUM,747,747,2025-10-14 17:00:00,4123.78,14175.25,16.92,,,2025.10.14 16:00,4106.15,4106.72,4097.63,4106.0,71.0,24.43892090245784,4121.470000000012,-6.882155190332014,-4.605710197083242,6.080000000000037,42.55488445962303,6.495780882484096,37.52556207906482,12.6073298429319,8.744235388661233,4141.399027071084,4121.469999999999,4101.540972928915,2025-10-14 16:00:00,2025.10.14 17:00,4123.63,4130.89,4122.81,4127.96,71.0,58.47257112561014,4113.439000000013,-0.1216063617293912,-3.429601275438842,8.96642857142847,22.838303108829606,27.52797362239555,17.47574614771397,78.62349021241101,78.21344196040558,4128.235777892502,4113.439,4098.642222107499,2025-10-14 17:00:00,1.0,60.0,2
762,762,2025-10-24 12:00:00,4065.52,14279.71,IMPERIUM,IMPERIUM,766,766,2025-10-24 15:00:00,4061.08,14285.97,6.26,,,2025.10.24 12:00,4064.96,4068.26,4061.87,4067.8,71.0,45.42059093500703,4067.5995000000166,-7.469668629834359,-10.297218477481596,8.414285714285732,31.15942234291252,20.912298124864847,17.63209940008919,50.89393237610018,42.369114925981336,4093.0663902498914,4067.5995,4042.132609750109,2025-10-24 12:00:00,2025.10.24 15:00,4060.93,4064.27,4060.2,4062.94,71.0,52.52996264754434,4057.877500000017,-0.8489496530974066,-2.229650596282738,5.989999999999982,34.039885854551805,21.37979420191047,15.378700263734991,81.4762576398681,83.89662440749105,4065.2083386286968,4057.8775,4050.5466613713024,2025-10-24 15:00:00,3.0,180.0,2
763,763,2025-10-24 12:00:00,4065.52,14279.71,IMPERIUM,IMPERIUM,767,767,2025-10-24 15:00:00,4061.08,14286.05,0.08,,,2025.10.24 12:00,4064.96,4068.26,4061.87,4067.8,71.0,45.42059093500703,4067.5995000000166,-7.469668629834359,-10.297218477481596,8.414285714285732,31.15942234291252,20.912298124864847,17.63209940008919,50.89393237610018,42.369114925981336,4093.0663902498914,4067.5995,4042.132609750109,2025-10-24 12:00:00,2025.10.24 15:00,4060.93,4064.27,4060.2,4062.94,71.0,52.52996264754434,4057.877500000017,-0.8489496530974066,-2.229650596282738,5.989999999999982,34.039885854551805,21.37979420191047,15.378700263734991,81.4762576398681,83.89662440749105,4065.2083386286968,4057.8775,4050.5466613713024,2025-10-24 15:00:00,3.0,180.0,2
765,765,2025-10-24 14:00:00,4054.82,14279.71,IMPERIUM,IMPERIUM,769,769,2025-10-24 17:14:40,4131.39,14347.48,65.87,tp 4131.39,tp 4131.39,2025.10.24 14:00,4054.26,4056.57,4043.88,4046.02,71.0,29.08578192236472,4062.026000000017,-4.541300289642095,-3.2551718791625475,5.5942857142856335,48.62281602123573,4.5296524844700246,36.08085498988494,10.100845803512804,16.210686759400232,4074.6127174434014,4062.0260000000007,4049.4392825566,2025-10-24 14:00:00,2025.10.24 17:10,4114.33,4134.47,4113.69,4131.87,71.0,74.014609279927,4103.140000000016,11.792056590584252,12.115440618008703,11.310714285714347,30.48889228977944,27.77235496847074,8.49954463127035,82.40685543964199,74.84167764583748,4134.070719357946,4103.139999999999,4072.2092806420537,2025-10-24 17:10:00,3.2444444444444445,194.66666666666663,2
770,770,2025-10-27 01:01:00,4078.42,14347.48,IMPERIUM,IMPERIUM,771,771,2025-10-27 03:00:00,4064.25,14333.31,-14.17,,,2025.10.27 01:00,4077.81,4091.79,4063.85,4083.06,76.0,26.284703032546304,4104.635500000011,-2.4298718335794547,-2.518941241325142,6.778571428571275,30.065318722438967,29.836990512891173,28.846992662565007,60.40482954545553,80.58078302074969,4118.380606001773,4104.635499999999,4090.8903939982256,2025-10-27 01:00:00,2025.10.27 03:00,4064.1,4067.0,4057.74,4063.95,71.0,33.81682736734925,4078.035000000012,-8.755721203906432,-7.717860063483139,7.796428571428549,41.86134421581893,5.914242253480622,27.075805318115247,20.405742080910933,17.116006684656337,4097.051132624695,4078.035,4059.0188673753046,2025-10-27 03:00:00,1.9833333333333332,119.0,2
773,773,2025-10-27 12:00:00,4043.12,14333.31,IMPERIUM,IMPERIUM,776,776,2025-10-27 16:00:00,4045.63,14357.28,2.51,,,2025.10.27 12:00,4042.56,4049.71,4040.21,4044.36,71.0,27.608574984346376,4061.112500000011,-7.0126120412605815,-4.720608069992174,7.225000000000044,38.1201225563829,15.89750474493606,32.415795965627936,33.449615476096106,22.778359394365435,4078.924798981321,4061.1124999999993,4043.300201018677,2025-10-27 12:00:00,2025.10.27 16:00,4045.48,4049.85,4045.48,4046.64,76.0,61.42991192888103,4032.206500000011,1.9388914701476097,-0.4816254109092015,6.4242857142857535,36.82338513520345,35.44212554412702,8.327286054297366,87.9510471864747,88.1336355065855,4048.426216736121,4032.2065,4015.9867832638793,2025-10-27 16:00:00,4.0,240.0,2
774,774,2025-10-27 15:00:00,4024.17,14333.31,IMPERIUM,IMPERIUM,777,777,2025-10-27 16:00:00,4045.63,14334.58,-22.7,,,2025.10.27 15:00,4023.48,4037.32,4021.87,4031.79,71.0,48.27935277357429,4031.2975000000106,-5.204942371426569,-5.665946006563298,7.640000000000006,35.70240004578237,18.828346923938103,16.077589501053442,44.26374180534551,35.14079095205564,4045.3944342411737,4031.297499999999,4017.2005657588247,2025-10-27 15:00:00,2025.10.27 16:00,4045.48,4049.85,4045.48,4046.64,76.0,61.42991192888103,4032.206500000011,1.9388914701476097,-0.4816254109092015,6.4242857142857535,36.82338513520345,35.44212554412702,8.327286054297366,87.9510471864747,88.1336355065855,4048.426216736121,4032.2065,4015.9867832638793,2025-10-27 16:00:00,1.0,60.0,2
779,779,2025-10-28 06:00:00,3983.82,14334.58,IMPERIUM,IMPERIUM,781,781,2025-10-28 07:00:00,3992.61,14336.35,-7.02,,,2025.10.28 06:00,3983.26,3988.37,3983.26,3985.67,71.0,34.7657094332062,4001.0500000000097,-4.546190041394311,-1.482492423988996,5.942142857142841,53.5398852212935,11.136699185731754,25.20086242058848,11.110028262352278,12.668336098214729,4020.8067780774086,4001.0499999999993,3981.29322192259,2025-10-28 06:00:00,2025.10.28 07:00,3992.46,3993.66,3989.03,3989.08,71.0,43.54268988217524,3989.615500000009,-2.6307937147553275,-3.614072733937476,3.972142857142816,21.679704829030545,21.466208291365646,20.1221029051706,75.630676084762,73.11143780968983,3997.819217389087,3989.615500000001,3981.4117826109145,2025-10-28 07:00:00,1.0,60.0,2
782,782,2025-10-28 09:00:00,3966.69,14336.35,IMPERIUM,IMPERIUM,786,786,2025-10-29 04:00:00,3975.07,14378.75,42.4,,,2025.10.28 09:00,3966.06,3968.07,3958.67,3962.11,73.0,37.14710189207312,3969.38650000001,-5.816423408639821,-5.592611960140712,6.394285714285663,23.036733318746567,14.939048982782872,21.789198497268373,23.969682614873864,23.78049342871225,3979.9342566809255,3969.386500000001,3958.838743319076,2025-10-28 09:00:00,2025.10.29 04:00,3974.92,3977.66,3973.44,3973.73,71.0,62.55932171207062,3965.764500000011,6.878356559733675,6.513904649580171,6.189999999999961,47.34190599383207,23.859852528289032,10.303413758866489,70.55393586005901,79.31522585335911,3984.3098578827694,3965.7645,3947.21914211723,2025-10-29 04:00:00,19.0,1140.0,2
783,783,2025-10-28 10:00:00,3942.67,14336.35,IMPERIUM,IMPERIUM,787,787,2025-10-29 07:00:00,3963.14,14409.22,30.47,,,2025.10.28 10:00,3942.11,3942.88,3935.87,3942.15,71.0,29.60485083693537,3955.51900000001,-8.53459021353683,-7.58704516977959,6.305714285714314,60.18087951582807,2.682551511728931,30.1404543874487,14.888500218626827,13.09366484565487,3973.630701079688,3955.5189999999993,3937.407298920312,2025-10-28 10:00:00,2025.10.29 07:00,3962.99,3963.67,3961.64,3962.29,71.0,46.52465836856345,3962.2025000000112,0.1415246712226689,-0.0748972215528313,4.580714285714298,25.84182570510013,14.456212945310083,24.09896733770492,55.95146379044711,72.21404500508655,3972.619393730859,3962.2025,3951.7856062691417,2025-10-29 07:00:00,21.0,1260.0,2
784,784,2025-10-28 11:00:00,3932.67,14336.35,IMPERIUM,IMPERIUM,788,788,2025-10-29 07:00:00,3963.14,14429.69,20.47,,,2025.10.28 11:00,3932.11,3935.35,3927.22,3928.42,71.0,31.33973960732956,3939.14200000001,-8.290636953991452,-8.882614223035597,6.949999999999993,50.990301856748616,8.380604775461778,26.86947184442201,37.733232476047256,41.43563685601734,3954.74224307503,3939.1420000000007,3923.541756924972,2025-10-28 11:00:00,2025.10.29 07:00,3962.99,3963.67,3961.64,3962.29,71.0,46.52465836856345,3962.2025000000112,0.1415246712226689,-0.0748972215528313,4.580714285714298,25.84182570510013,14.456212945310083,24.09896733770492,55.95146379044711,72.21404500508655,3972.619393730859,3962.2025,3951.7856062691417,2025-10-29 07:00:00,20.0,1200.0,2
785,785,2025-10-28 11:00:00,3932.67,14336.35,IMPERIUM,IMPERIUM,789,789,2025-10-29 07:00:00,3963.14,14426.14,-3.55,,,2025.10.28 11:00,3932.11,3935.35,3927.22,3928.42,71.0,31.33973960732956,3939.14200000001,-8.290636953991452,-8.882614223035597,6.949999999999993,50.990301856748616,8.380604775461778,26.86947184442201,37.733232476047256,41.43563685601734,3954.74224307503,3939.1420000000007,3923.541756924972,2025-10-28 11:00:00,2025.10.29 07:00,3962.99,3963.67,3961.64,3962.29,71.0,46.52465836856345,3962.2025000000112,0.1415246712226689,-0.0748972215528313,4.580714285714298,25.84182570510013,14.456212945310083,24.09896733770492,55.95146379044711,72.21404500508655,3972.619393730859,3962.2025,3951.7856062691417,2025-10-29 07:00:00,20.0,1200.0,2
795,795,2025-10-30 16:00:00,3961.35,14397.28,IMPERIUM,IMPERIUM,798,798,2025-10-31 07:00:00,3996.14,14429.63,-40.69,,,2025.10.30 16:00,3960.63,3975.03,3959.71,3974.04,71.0,48.97447002898218,3973.387500000014,-2.800479226569678,-2.1839832811246223,8.124285714285755,22.27432755436394,14.14379337510973,24.882982340130788,29.657293497363707,23.394997627895577,3983.195137585066,3973.3875,3963.579862414934,2025-10-30 16:00:00,2025.10.31 07:00,3995.99,3996.9,3993.87,3995.11,71.0,34.372019968353214,4002.607000000016,-5.918960842943761,-6.149650448746156,5.486428571428622,32.17418117992058,14.40892130431349,29.65236500677345,20.04264392324199,21.396401117103068,4014.96010827282,4002.607,3990.253891727181,2025-10-31 07:00:00,15.0,900.0,2
801,801,2025-11-03 12:00:00,4000.77,14473.72,IMPERIUM,IMPERIUM,804,804,2025-11-04 13:00:00,3993.75,14454.86,-7.02,,,2025.11.03 12:00,4000.21,4004.28,3996.45,3996.45,71.0,31.30355321871264,4010.7315000000167,-5.044500834129394,-2.918541113275816,5.8964285714285385,37.13305475043926,13.149371487901467,30.323549328154648,20.94251472679176,21.52392592618289,4027.735936215293,4010.7315,3993.7270637847055,2025-11-03 12:00:00,2025.11.04 13:00,3993.6,3995.5,3993.55,3994.25,71.0,53.00089288529285,3993.163500000016,0.1263513158896785,-0.0163201809001517,3.497142857142778,17.245667312709354,28.03053774047754,14.968393041612416,65.21252796420714,58.97726234438179,3998.158270365092,3993.1635,3988.168729634908,2025-11-04 13:00:00,25.0,1500.0,2
805,805,2025-11-04 21:00:00,3938.2,14454.86,IMPERIUM,IMPERIUM,807,807,2025-11-05 02:00:00,3934.62,14457.41,2.55,,,2025.11.04 21:00,3937.42,3938.7,3934.25,3935.81,76.0,29.253331052821167,3949.464000000014,-6.663163597602306,-5.356245872166266,5.367857142857106,54.83929793423809,6.322164075455733,26.853167812046944,20.295202952029463,21.24512333484563,3968.0459389731,3949.464,3930.882061026901,2025-11-04 21:00:00,2025.11.05 02:00,3934.47,3941.2,3932.74,3941.2,76.0,59.47206556821647,3934.645000000015,0.0259038901108397,-0.3797613314667619,4.354285714285707,15.357545551919038,21.42409007623788,15.356276418545583,61.116683383483576,45.57831119861398,3940.328549946996,3934.645,3928.9614500530033,2025-11-05 02:00:00,5.0,300.0,2
834,834,2025-11-14 08:00:00,4189.88,14594.12,IMPERIUM,IMPERIUM,835,835,2025-11-14 10:00:00,4180.88,14585.12,-9.0,,,2025.11.14 08:00,4189.27,4191.48,4185.8,4190.55,71.0,40.48263585558132,4195.051500000024,-2.502036206824414,-2.5508679647269847,5.253571428571159,41.3650792572643,9.752286550564468,28.722043771782264,35.31604812743615,41.14866644605607,4205.620780533697,4195.0515,4184.482219466302,2025-11-14 08:00:00,2025.11.14 10:00,4180.73,4181.79,4177.96,4180.42,71.0,53.08014524878206,4174.223000000024,-2.5506895628141137,-5.464683999761856,5.512857142857142,41.61301784427349,28.60875112514526,12.74761642818084,94.29549343981614,87.83731672877721,4186.343543057141,4174.223,4162.102456942859,2025-11-14 10:00:00,2.0,120.0,2
837,837,2025-11-14 14:00:00,4132.78,14585.12,IMPERIUM,IMPERIUM,841,841,2025-11-14 15:23:40,4069.25,14467.36,-100.41,sl 4069.25,sl 4069.25,2025.11.14 14:00,4132.22,4137.26,4129.96,4137.0,71.0,30.79038889704806,4155.240000000026,-8.002306094619598,-6.111392381565119,7.462142857142983,28.21012446129651,16.274677169293675,32.83164949870137,9.152190821882488,13.33765218376613,4177.891328437864,4155.24,4132.588671562136,2025-11-14 14:00:00,2025.11.14 15:20,4076.69,4083.2,4064.62,4070.61,71.0,14.09182427869422,4115.040500000026,-17.645367667017126,-13.7892287994228,10.79928571428592,47.99280558963208,6.643806255676326,39.710656623644,4.528175313059223,3.5395830373589785,4153.466194775762,4115.040500000001,4076.6148052242393,2025-11-14 15:20:00,1.3944444444444444,83.66666666666667,2
838,838,2025-11-14 14:00:00,4132.78,14585.12,IMPERIUM,IMPERIUM,843,843,2025-11-14 16:33:40,4032.37,14366.95,-100.41,sl 4032.37,sl 4032.37,2025.11.14 14:00,4132.22,4137.26,4129.96,4137.0,71.0,30.79038889704806,4155.240000000026,-8.002306094619598,-6.111392381565119,7.462142857142983,28.21012446129651,16.274677169293675,32.83164949870137,9.152190821882488,13.33765218376613,4177.891328437864,4155.24,4132.588671562136,2025-11-14 14:00:00,2025.11.14 16:30,4052.4,4057.2,4031.61,4040.33,71.0,23.74648110966176,4064.4330000000255,-18.85393326342637,-21.621656551722936,11.907142857142818,50.972150152104064,11.013101122578195,27.098842950616515,32.90625667307256,29.44182603771557,4108.012017932946,4064.433,4020.8539820670544,2025-11-14 16:30:00,2.561111111111111,153.66666666666666,2
839,839,2025-11-14 15:00:00,4115.84,14585.12,IMPERIUM,IMPERIUM,845,845,2025-11-14 19:00:00,4104.98,14378.06,11.11,,,2025.11.14 15:00,4115.28,4118.52,4107.88,4108.01,71.0,25.86875102448664,4128.511500000027,-12.522098999643276,-12.58689420065786,8.635000000000195,37.80909943106701,11.77629255605945,22.51843711554964,11.166435393030016,13.550518605904026,4159.950816325262,4128.511499999999,4097.072183674735,2025-11-14 15:00:00,2025.11.14 19:00,4104.83,4110.13,4101.05,4109.2,76.0,64.63903464890838,4093.5200000000254,7.838040792463289,6.685325438468932,7.410714285714259,26.182470141193587,23.21952008274292,14.565592194890398,86.49601934898672,86.67386983737194,4115.866511137087,4093.52,4071.173488862912,2025-11-14 19:00:00,4.0,240.0,2
842,842,2025-11-14 16:00:00,4055.94,14467.36,IMPERIUM,IMPERIUM,846,846,2025-11-14 19:00:00,4104.98,14427.1,49.04,,,2025.11.14 16:00,4055.38,4055.38,4036.94,4048.31,71.0,16.42519315998993,4083.6230000000255,-23.20766184145896,-22.15363297537332,13.02142857142859,63.83384380990572,8.457149643793075,34.94697984591776,14.82862649794674,12.76255082602252,4139.060019436474,4083.623000000001,4028.1859805635263,2025-11-14 16:00:00,2025.11.14 19:00,4104.83,4110.13,4101.05,4109.2,76.0,64.63903464890838,4093.5200000000254,7.838040792463289,6.685325438468932,7.410714285714259,26.182470141193587,23.21952008274292,14.565592194890398,86.49601934898672,86.67386983737194,4115.866511137087,4093.52,4071.173488862912,2025-11-14 19:00:00,3.0,180.0,2
848,848,2025-11-18 04:00:00,4024.75,14416.24,IMPERIUM,IMPERIUM,851,851,2025-11-18 08:00:00,4018.73,14411.02,-6.02,,,2025.11.18 04:00,4024.19,4024.6,4019.0,4022.73,71.0,32.68342683749803,4034.768000000024,-3.228363174639981,-1.167869294596941,6.450714285714256,35.03556608361179,5.586463351463637,27.62365234026512,11.376904456784535,11.801716244339277,4045.925615515871,4034.768,4023.610384484129,2025-11-18 04:00:00,2025.11.18 08:00,4018.58,4020.0,4014.0,4015.54,71.0,47.99014442914956,4015.160500000023,0.9742438146463428,0.150076797834316,4.932142857142813,38.84499446181834,19.49827981064442,15.518922932898942,67.49165193478703,78.03130306911451,4025.202289631335,4015.160499999999,4005.118710368664,2025-11-18 08:00:00,4.0,240.0,2
849,849,2025-11-18 05:00:00,4017.93,14416.24,IMPERIUM,IMPERIUM,850,850,2025-11-18 08:00:00,4018.73,14417.04,0.8,,,2025.11.18 05:00,4017.37,4019.3,4014.12,4017.52,71.0,33.80136328164188,4029.232000000023,-3.952170895466679,-2.4828473361560834,5.861428571428477,29.110694678862203,9.57372928139032,29.32370017654569,16.214438414733895,24.889305302517805,4041.778637159016,4029.232,4016.685362840984,2025-11-18 05:00:00,2025.11.18 08:00,4018.58,4020.0,4014.0,4015.54,71.0,47.99014442914956,4015.160500000023,0.9742438146463428,0.150076797834316,4.932142857142813,38.84499446181834,19.49827981064442,15.518922932898942,67.49165193478703,78.03130306911451,4025.202289631335,4015.160499999999,4005.118710368664,2025-11-18 08:00:00,3.0,180.0,2
858,858,2025-11-20 19:00:00,4048.9,14405.46,IMPERIUM,IMPERIUM,860,860,2025-11-20 23:59:59,4076.88,14421.44,15.98,end of test,end of test,2025.11.20 19:00,4048.29,4053.77,4044.77,4050.3,76.0,32.889072878252364,4070.8505000000255,-8.203758869206922,-5.661516176349983,9.164285714285691,42.08941581225377,7.689338918451391,30.010873198762567,9.296091317883487,8.075543012055537,4095.2584589273656,4070.8505,4046.4425410726335,2025-11-20 19:00:00,2025.11.20 23:55,4077.87,4078.31,4076.2,4076.73,76.0,50.439616914398094,4077.126500000024,0.8400649155282736,1.3339290972509998,2.701428571428483,12.30954606949543,16.357884657153285,16.618574933496948,55.75101488497919,53.796471805040255,4080.0748912562617,4077.1265,4074.178108743738,2025-11-20 23:55:00,4.999722222222222,299.9833333333333,2
